data_movimentacao;cd_id;codigo_produto;descricao_produto;quantidade_entrada;quantidade_saida;quantidade_liquida
2024-01-04;1;P1001;Produto B;94;71;23
2024-01-07;1;P1001;Produto D;82;137;-55
2024-01-08;1;P1001;Produto F;89;140;-51
2024-01-13;1;P1001;Produto D;217;218;-1
2024-01-15;1;P1001;Produto A;128;135;-7
2024-01-17;1;P1001;Produto E;103;41;62
2024-02-04;1;P1001;Produto D;219;157;62
2024-02-22;1;P1001;Produto F;16;170;-154
2024-02-27;1;P1001;Produto B;25;4;21
2024-03-02;1;P1001;Produto A;293;283;10
2024-03-03;1;P1001;Produto A;224;103;121
2024-03-12;1;P1001;Produto D;125;52;73
2024-03-13;1;P1001;Produto C;37;93;-56
2024-03-20;1;P1001;Produto E;136;5;131
2024-03-28;1;P1001;Produto E;62;149;-87
2024-04-10;1;P1001;Produto A;190;181;9
2024-04-12;1;P1001;Produto B;220;212;8
2024-04-13;1;P1001;Produto E;214;210;4
2024-04-14;1;P1001;Produto A;153;273;-120
2024-05-01;1;P1001;Produto C;222;256;-34
2024-05-11;1;P1001;Produto F;12;43;-31
2024-05-18;1;P1001;Produto D;186;258;-72
2024-05-28;1;P1001;Produto B;114;190;-76
2024-06-13;1;P1001;Produto D;155;206;-51
2024-06-19;1;P1001;Produto C;22;180;-158
2024-06-21;1;P1001;Produto A;224;146;78
2024-06-29;1;P1001;Produto B;7;28;-21
2024-01-19;2;P1001;Produto D;236;34;202
2024-02-12;2;P1001;Produto B;284;184;100
2024-02-26;2;P1001;Produto D;136;272;-136
2024-03-03;2;P1001;Produto C;146;34;112
2024-03-22;2;P1001;Produto E;10;233;-223
2024-04-10;2;P1001;Produto A;13;156;-143
2024-04-11;2;P1001;Produto B;233;143;90
2024-04-13;2;P1001;Produto A;110;103;7
2024-04-22;2;P1001;Produto F;139;36;103
2024-05-31;2;P1001;Produto C;95;104;-9
2024-06-03;2;P1001;Produto E;85;233;-148
2024-06-09;2;P1001;Produto C;5;196;-191
2024-06-14;2;P1001;Produto E;152;75;77
2024-06-16;2;P1001;Produto A;123;113;10
2024-01-06;3;P1001;Produto E;256;57;199
2024-01-16;3;P1001;Produto D;68;246;-178
2024-01-21;3;P1001;Produto E;141;38;103
2024-01-30;3;P1001;Produto A;143;110;33
2024-02-09;3;P1001;Produto E;54;171;-117
2024-02-12;3;P1001;Produto C;7;183;-176
2024-02-22;3;P1001;Produto C;221;40;181
2024-03-03;3;P1001;Produto C;288;260;28
2024-04-02;3;P1001;Produto A;236;276;-40
2024-04-03;3;P1001;Produto D;271;65;206
2024-04-20;3;P1001;Produto C;263;224;39
2024-04-21;3;P1001;Produto C;187;162;25
2024-04-23;3;P1001;Produto F;8;39;-31
2024-05-17;3;P1001;Produto E;145;110;35
2024-05-27;3;P1001;Produto E;200;196;4
2024-06-02;3;P1001;Produto D;13;11;2
2024-06-11;3;P1001;Produto C;205;16;189
2024-01-01;4;P1001;Produto E;125;225;-100
2024-01-02;4;P1001;Produto C;153;265;-112
2024-02-09;4;P1001;Produto C;294;231;63
2024-03-08;4;P1001;Produto C;101;240;-139
2024-03-10;4;P1001;Produto D;8;287;-279
2024-03-11;4;P1001;Produto D;213;241;-28
2024-03-22;4;P1001;Produto B;256;57;199
2024-04-12;4;P1001;Produto D;153;139;14
2024-04-14;4;P1001;Produto F;238;57;181
2024-04-18;4;P1001;Produto E;108;128;-20
2024-04-22;4;P1001;Produto F;186;18;168
2024-04-22;4;P1001;Produto E;223;277;-54
2024-06-01;4;P1001;Produto B;294;208;86
2024-06-02;4;P1001;Produto E;41;88;-47
2024-06-15;4;P1001;Produto E;83;181;-98
2024-06-17;4;P1001;Produto D;288;276;12
2024-06-21;4;P1001;Produto F;141;142;-1
2024-01-21;5;P1001;Produto C;181;63;118
2024-01-25;5;P1001;Produto E;140;231;-91
2024-02-04;5;P1001;Produto E;94;277;-183
2024-02-28;5;P1001;Produto A;178;205;-27
2024-02-29;5;P1001;Produto F;225;277;-52
2024-03-25;5;P1001;Produto F;105;232;-127
2024-03-25;5;P1001;Produto A;144;68;76
2024-03-27;5;P1001;Produto A;125;129;-4
2024-04-18;5;P1001;Produto F;64;145;-81
2024-04-25;5;P1001;Produto C;127;17;110
2024-04-28;5;P1001;Produto F;292;142;150
2024-05-07;5;P1001;Produto C;195;280;-85
2024-05-09;5;P1001;Produto D;21;252;-231
2024-05-14;5;P1001;Produto C;175;214;-39
2024-06-18;5;P1001;Produto F;165;98;67
2024-06-27;5;P1001;Produto B;275;235;40
2024-01-06;6;P1001;Produto B;282;53;229
2024-01-07;6;P1001;Produto B;168;137;31
2024-01-09;6;P1001;Produto D;213;116;97
2024-01-11;6;P1001;Produto E;278;27;251
2024-01-28;6;P1001;Produto A;58;89;-31
2024-02-04;6;P1001;Produto D;212;158;54
2024-02-04;6;P1001;Produto D;149;246;-97
2024-03-12;6;P1001;Produto E;66;50;16
2024-03-25;6;P1001;Produto D;10;107;-97
2024-03-30;6;P1001;Produto D;118;155;-37
2024-04-04;6;P1001;Produto D;251;47;204
2024-04-05;6;P1001;Produto C;99;58;41
2024-04-27;6;P1001;Produto B;88;267;-179
2024-04-27;6;P1001;Produto C;50;244;-194
2024-05-07;6;P1001;Produto E;107;138;-31
2024-05-11;6;P1001;Produto B;165;13;152
2024-05-24;6;P1001;Produto F;261;162;99
2024-06-24;6;P1001;Produto F;186;231;-45
2024-01-18;7;P1001;Produto A;0;215;-215
2024-01-18;7;P1001;Produto E;81;71;10
2024-01-25;7;P1001;Produto F;277;234;43
2024-02-02;7;P1001;Produto E;255;73;182
2024-02-10;7;P1001;Produto D;32;47;-15
2024-02-16;7;P1001;Produto A;98;19;79
2024-02-28;7;P1001;Produto E;156;190;-34
2024-03-22;7;P1001;Produto A;60;269;-209
2024-03-27;7;P1001;Produto F;88;65;23
2024-03-29;7;P1001;Produto C;116;93;23
2024-03-30;7;P1001;Produto B;120;211;-91
2024-03-31;7;P1001;Produto A;71;86;-15
2024-04-05;7;P1001;Produto D;95;221;-126
2024-04-22;7;P1001;Produto B;115;112;3
2024-04-26;7;P1001;Produto D;128;57;71
2024-04-27;7;P1001;Produto A;279;187;92
2024-04-27;7;P1001;Produto F;246;28;218
2024-04-28;7;P1001;Produto D;232;17;215
2024-05-03;7;P1001;Produto B;60;137;-77
2024-05-03;7;P1001;Produto D;274;119;155
2024-05-25;7;P1001;Produto E;102;87;15
2024-06-01;7;P1001;Produto F;235;227;8
2024-06-08;7;P1001;Produto A;98;146;-48
2024-06-18;7;P1001;Produto D;213;284;-71
2024-06-20;7;P1001;Produto C;297;177;120
2024-06-21;7;P1001;Produto F;63;257;-194
2024-01-04;8;P1001;Produto C;242;30;212
2024-01-14;8;P1001;Produto D;129;230;-101
2024-01-15;8;P1001;Produto D;209;160;49
2024-01-17;8;P1001;Produto A;128;129;-1
2024-01-21;8;P1001;Produto B;69;112;-43
2024-01-26;8;P1001;Produto D;288;0;288
2024-02-06;8;P1001;Produto C;130;201;-71
2024-02-23;8;P1001;Produto A;226;138;88
2024-03-17;8;P1001;Produto F;41;245;-204
2024-03-18;8;P1001;Produto F;220;42;178
2024-03-19;8;P1001;Produto C;105;46;59
2024-03-21;8;P1001;Produto A;48;291;-243
2024-03-22;8;P1001;Produto C;150;297;-147
2024-03-24;8;P1001;Produto E;188;48;140
2024-03-25;8;P1001;Produto F;103;209;-106
2024-04-12;8;P1001;Produto E;220;123;97
2024-04-19;8;P1001;Produto A;11;187;-176
2024-04-24;8;P1001;Produto B;270;166;104
2024-05-07;8;P1001;Produto D;14;216;-202
2024-05-28;8;P1001;Produto D;230;77;153
2024-06-07;8;P1001;Produto C;98;148;-50
2024-06-09;8;P1001;Produto E;62;21;41
2024-06-13;8;P1001;Produto A;46;147;-101
2024-06-18;8;P1001;Produto B;292;67;225
2024-06-23;8;P1001;Produto D;41;209;-168
2024-06-27;8;P1001;Produto A;75;45;30
2024-01-06;9;P1001;Produto B;203;263;-60
2024-01-06;9;P1001;Produto B;218;20;198
2024-01-13;9;P1001;Produto F;53;137;-84
2024-02-01;9;P1001;Produto D;101;266;-165
2024-02-06;9;P1001;Produto E;72;139;-67
2024-02-07;9;P1001;Produto E;288;253;35
2024-02-08;9;P1001;Produto F;125;299;-174
2024-02-12;9;P1001;Produto B;211;167;44
2024-02-21;9;P1001;Produto F;212;249;-37
2024-03-01;9;P1001;Produto C;189;190;-1
2024-03-02;9;P1001;Produto E;248;187;61
2024-03-03;9;P1001;Produto A;88;175;-87
2024-03-12;9;P1001;Produto F;18;194;-176
2024-03-28;9;P1001;Produto A;139;105;34
2024-04-22;9;P1001;Produto F;116;133;-17
2024-04-22;9;P1001;Produto B;187;162;25
2024-05-04;9;P1001;Produto D;97;266;-169
2024-05-05;9;P1001;Produto B;250;168;82
2024-05-12;9;P1001;Produto E;65;74;-9
2024-05-13;9;P1001;Produto D;283;181;102
2024-05-13;9;P1001;Produto F;151;25;126
2024-05-18;9;P1001;Produto C;146;136;10
2024-06-18;9;P1001;Produto E;54;250;-196
2024-06-22;9;P1001;Produto E;7;78;-71
2024-02-01;10;P1001;Produto B;85;249;-164
2024-02-06;10;P1001;Produto E;27;40;-13
2024-02-24;10;P1001;Produto F;118;207;-89
2024-03-02;10;P1001;Produto B;5;57;-52
2024-03-09;10;P1001;Produto C;6;102;-96
2024-03-16;10;P1001;Produto B;225;175;50
2024-03-17;10;P1001;Produto B;94;134;-40
2024-03-20;10;P1001;Produto D;94;150;-56
2024-04-17;10;P1001;Produto D;296;251;45
2024-05-12;10;P1001;Produto C;30;22;8
2024-05-16;10;P1001;Produto B;120;124;-4
2024-05-18;10;P1001;Produto E;259;213;46
2024-05-22;10;P1001;Produto E;25;46;-21
2024-06-16;10;P1001;Produto E;201;211;-10
2024-06-25;10;P1001;Produto E;26;194;-168
2024-01-12;1;P1002;Produto F;81;290;-209
2024-01-12;1;P1002;Produto B;261;124;137
2024-01-14;1;P1002;Produto A;250;232;18
2024-02-05;1;P1002;Produto E;65;257;-192
2024-02-25;1;P1002;Produto D;256;7;249
2024-02-29;1;P1002;Produto B;231;276;-45
2024-03-13;1;P1002;Produto C;235;33;202
2024-03-21;1;P1002;Produto B;219;53;166
2024-04-07;1;P1002;Produto E;4;1;3
2024-05-01;1;P1002;Produto F;117;47;70
2024-05-03;1;P1002;Produto D;6;195;-189
2024-06-01;1;P1002;Produto D;125;11;114
2024-06-02;1;P1002;Produto E;130;297;-167
2024-06-19;1;P1002;Produto B;131;84;47
2024-01-13;2;P1002;Produto E;212;282;-70
2024-02-05;2;P1002;Produto E;254;252;2
2024-02-13;2;P1002;Produto F;269;270;-1
2024-02-19;2;P1002;Produto F;248;165;83
2024-02-20;2;P1002;Produto C;278;175;103
2024-03-09;2;P1002;Produto A;210;267;-57
2024-03-10;2;P1002;Produto B;55;112;-57
2024-03-20;2;P1002;Produto A;11;72;-61
2024-03-24;2;P1002;Produto C;20;195;-175
2024-03-26;2;P1002;Produto E;122;117;5
2024-04-01;2;P1002;Produto F;50;152;-102
2024-04-11;2;P1002;Produto B;12;183;-171
2024-04-28;2;P1002;Produto B;126;74;52
2024-04-29;2;P1002;Produto F;191;174;17
2024-05-01;2;P1002;Produto B;122;8;114
2024-05-11;2;P1002;Produto E;125;74;51
2024-05-12;2;P1002;Produto F;145;73;72
2024-05-18;2;P1002;Produto B;163;160;3
2024-05-21;2;P1002;Produto D;149;35;114
2024-05-27;2;P1002;Produto F;132;226;-94
2024-06-19;2;P1002;Produto E;152;275;-123
2024-06-29;2;P1002;Produto D;254;142;112
2024-01-16;3;P1002;Produto D;237;133;104
2024-02-01;3;P1002;Produto C;255;186;69
2024-02-05;3;P1002;Produto E;148;266;-118
2024-03-08;3;P1002;Produto F;158;162;-4
2024-03-11;3;P1002;Produto B;290;207;83
2024-03-23;3;P1002;Produto C;185;249;-64
2024-03-30;3;P1002;Produto C;76;136;-60
2024-04-03;3;P1002;Produto C;207;139;68
2024-04-07;3;P1002;Produto A;20;299;-279
2024-04-17;3;P1002;Produto E;285;229;56
2024-04-28;3;P1002;Produto C;178;209;-31
2024-05-14;3;P1002;Produto D;14;110;-96
2024-06-04;3;P1002;Produto D;157;145;12
2024-06-06;3;P1002;Produto E;115;213;-98
2024-06-12;3;P1002;Produto A;289;259;30
2024-06-14;3;P1002;Produto E;53;183;-130
2024-06-16;3;P1002;Produto A;77;174;-97
2024-06-27;3;P1002;Produto E;219;157;62
2024-06-30;3;P1002;Produto D;3;291;-288
2024-01-05;4;P1002;Produto B;92;12;80
2024-01-29;4;P1002;Produto A;272;68;204
2024-02-01;4;P1002;Produto A;42;77;-35
2024-02-03;4;P1002;Produto B;146;95;51
2024-02-14;4;P1002;Produto C;233;50;183
2024-03-08;4;P1002;Produto E;159;42;117
2024-03-21;4;P1002;Produto F;92;85;7
2024-04-15;4;P1002;Produto D;108;220;-112
2024-04-24;4;P1002;Produto A;233;27;206
2024-04-26;4;P1002;Produto A;85;288;-203
2024-04-30;4;P1002;Produto E;18;129;-111
2024-05-01;4;P1002;Produto B;177;27;150
2024-05-07;4;P1002;Produto B;7;128;-121
2024-05-13;4;P1002;Produto F;129;292;-163
2024-05-20;4;P1002;Produto A;165;99;66
2024-05-28;4;P1002;Produto B;86;78;8
2024-06-25;4;P1002;Produto B;160;126;34
2024-06-25;4;P1002;Produto E;57;287;-230
2024-06-25;4;P1002;Produto D;265;94;171
2024-01-03;5;P1002;Produto B;116;220;-104
2024-01-13;5;P1002;Produto B;212;180;32
2024-02-04;5;P1002;Produto B;127;112;15
2024-02-22;5;P1002;Produto F;12;164;-152
2024-02-26;5;P1002;Produto E;81;68;13
2024-03-01;5;P1002;Produto E;180;36;144
2024-03-01;5;P1002;Produto C;62;120;-58
2024-03-04;5;P1002;Produto D;203;30;173
2024-03-27;5;P1002;Produto F;26;286;-260
2024-04-01;5;P1002;Produto C;108;83;25
2024-04-14;5;P1002;Produto A;277;236;41
2024-04-16;5;P1002;Produto B;246;7;239
2024-04-21;5;P1002;Produto F;181;12;169
2024-04-23;5;P1002;Produto F;8;250;-242
2024-04-29;5;P1002;Produto D;72;198;-126
2024-05-20;5;P1002;Produto E;24;78;-54
2024-06-04;5;P1002;Produto F;268;277;-9
2024-06-09;5;P1002;Produto D;171;273;-102
2024-06-18;5;P1002;Produto E;36;169;-133
2024-06-25;5;P1002;Produto A;282;176;106
2024-01-05;6;P1002;Produto F;110;219;-109
2024-01-12;6;P1002;Produto C;135;92;43
2024-02-06;6;P1002;Produto E;41;40;1
2024-02-21;6;P1002;Produto D;101;74;27
2024-03-03;6;P1002;Produto B;179;169;10
2024-03-07;6;P1002;Produto B;125;276;-151
2024-03-10;6;P1002;Produto A;67;51;16
2024-04-09;6;P1002;Produto D;179;122;57
2024-04-16;6;P1002;Produto D;113;251;-138
2024-04-20;6;P1002;Produto A;235;82;153
2024-04-22;6;P1002;Produto A;241;123;118
2024-04-23;6;P1002;Produto C;272;103;169
2024-05-03;6;P1002;Produto E;162;280;-118
2024-05-12;6;P1002;Produto F;274;211;63
2024-05-13;6;P1002;Produto D;190;217;-27
2024-06-02;6;P1002;Produto F;89;173;-84
2024-06-09;6;P1002;Produto B;260;137;123
2024-06-13;6;P1002;Produto D;299;289;10
2024-06-18;6;P1002;Produto A;293;149;144
2024-06-20;6;P1002;Produto C;109;264;-155
2024-06-25;6;P1002;Produto D;25;74;-49
2024-06-28;6;P1002;Produto B;225;157;68
2024-06-29;6;P1002;Produto F;187;287;-100
2024-01-01;7;P1002;Produto A;250;173;77
2024-01-04;7;P1002;Produto C;128;279;-151
2024-01-12;7;P1002;Produto E;45;154;-109
2024-01-16;7;P1002;Produto B;31;161;-130
2024-01-16;7;P1002;Produto F;209;285;-76
2024-01-19;7;P1002;Produto E;220;21;199
2024-01-21;7;P1002;Produto C;214;87;127
2024-01-24;7;P1002;Produto A;159;151;8
2024-01-28;7;P1002;Produto C;213;199;14
2024-01-31;7;P1002;Produto F;213;170;43
2024-02-10;7;P1002;Produto E;104;201;-97
2024-02-16;7;P1002;Produto E;131;278;-147
2024-02-24;7;P1002;Produto C;113;144;-31
2024-03-04;7;P1002;Produto A;70;268;-198
2024-03-05;7;P1002;Produto A;105;180;-75
2024-03-07;7;P1002;Produto B;262;295;-33
2024-03-09;7;P1002;Produto B;296;230;66
2024-03-09;7;P1002;Produto E;245;250;-5
2024-03-13;7;P1002;Produto C;124;174;-50
2024-03-19;7;P1002;Produto C;80;132;-52
2024-03-22;7;P1002;Produto B;37;126;-89
2024-04-09;7;P1002;Produto D;13;1;12
2024-04-10;7;P1002;Produto B;245;99;146
2024-04-17;7;P1002;Produto E;219;93;126
2024-05-10;7;P1002;Produto E;160;177;-17
2024-05-21;7;P1002;Produto B;262;160;102
2024-06-14;7;P1002;Produto E;115;190;-75
2024-06-18;7;P1002;Produto C;12;35;-23
2024-01-02;8;P1002;Produto F;21;153;-132
2024-01-07;8;P1002;Produto A;282;121;161
2024-01-13;8;P1002;Produto F;112;228;-116
2024-01-14;8;P1002;Produto F;105;216;-111
2024-01-21;8;P1002;Produto F;227;138;89
2024-01-29;8;P1002;Produto F;208;127;81
2024-03-07;8;P1002;Produto C;236;288;-52
2024-03-07;8;P1002;Produto D;174;178;-4
2024-03-08;8;P1002;Produto A;124;109;15
2024-03-14;8;P1002;Produto A;140;245;-105
2024-03-19;8;P1002;Produto C;172;299;-127
2024-04-06;8;P1002;Produto C;95;87;8
2024-04-06;8;P1002;Produto D;136;183;-47
2024-04-11;8;P1002;Produto F;137;162;-25
2024-04-11;8;P1002;Produto D;270;83;187
2024-04-20;8;P1002;Produto B;143;71;72
2024-05-13;8;P1002;Produto F;217;140;77
2024-05-13;8;P1002;Produto D;236;172;64
2024-05-19;8;P1002;Produto A;276;60;216
2024-05-27;8;P1002;Produto B;56;217;-161
2024-05-27;8;P1002;Produto C;151;4;147
2024-06-04;8;P1002;Produto F;12;292;-280
2024-06-06;8;P1002;Produto F;133;66;67
2024-06-12;8;P1002;Produto F;268;180;88
2024-06-27;8;P1002;Produto D;79;82;-3
2024-01-10;9;P1002;Produto A;252;288;-36
2024-01-14;9;P1002;Produto D;25;65;-40
2024-01-21;9;P1002;Produto D;88;13;75
2024-01-22;9;P1002;Produto B;97;143;-46
2024-02-06;9;P1002;Produto C;257;57;200
2024-02-12;9;P1002;Produto D;15;46;-31
2024-02-14;9;P1002;Produto A;46;120;-74
2024-02-16;9;P1002;Produto B;285;241;44
2024-02-16;9;P1002;Produto F;157;120;37
2024-03-16;9;P1002;Produto B;53;271;-218
2024-04-10;9;P1002;Produto A;228;11;217
2024-04-15;9;P1002;Produto A;266;180;86
2024-04-20;9;P1002;Produto A;53;28;25
2024-04-21;9;P1002;Produto F;93;126;-33
2024-06-14;9;P1002;Produto E;279;80;199
2024-06-18;9;P1002;Produto E;133;223;-90
2024-06-18;9;P1002;Produto A;99;213;-114
2024-06-25;9;P1002;Produto E;149;214;-65
2024-06-29;9;P1002;Produto C;47;193;-146
2024-01-01;10;P1002;Produto B;236;69;167
2024-01-04;10;P1002;Produto E;108;97;11
2024-01-11;10;P1002;Produto C;10;293;-283
2024-02-01;10;P1002;Produto D;53;51;2
2024-02-08;10;P1002;Produto B;117;258;-141
2024-02-08;10;P1002;Produto F;243;273;-30
2024-02-13;10;P1002;Produto B;139;131;8
2024-03-04;10;P1002;Produto C;9;230;-221
2024-03-31;10;P1002;Produto C;38;125;-87
2024-04-17;10;P1002;Produto C;275;49;226
2024-05-01;10;P1002;Produto F;127;178;-51
2024-05-06;10;P1002;Produto A;275;204;71
2024-05-14;10;P1002;Produto D;15;150;-135
2024-06-13;10;P1002;Produto C;144;84;60
2024-01-09;1;P1003;Produto B;213;272;-59
2024-01-12;1;P1003;Produto B;189;138;51
2024-01-27;1;P1003;Produto D;104;180;-76
2024-02-04;1;P1003;Produto E;130;256;-126
2024-03-05;1;P1003;Produto B;270;99;171
2024-03-10;1;P1003;Produto A;27;65;-38
2024-03-16;1;P1003;Produto E;254;189;65
2024-03-29;1;P1003;Produto C;169;187;-18
2024-04-01;1;P1003;Produto F;92;172;-80
2024-04-01;1;P1003;Produto D;179;252;-73
2024-04-18;1;P1003;Produto F;290;236;54
2024-05-03;1;P1003;Produto D;293;142;151
2024-05-11;1;P1003;Produto A;198;214;-16
2024-05-23;1;P1003;Produto D;186;290;-104
2024-06-09;1;P1003;Produto E;49;10;39
2024-06-13;1;P1003;Produto F;18;22;-4
2024-06-23;1;P1003;Produto D;225;160;65
2024-06-26;1;P1003;Produto F;126;159;-33
2024-01-27;2;P1003;Produto F;219;128;91
2024-02-01;2;P1003;Produto F;209;74;135
2024-02-08;2;P1003;Produto A;100;112;-12
2024-02-21;2;P1003;Produto A;220;41;179
2024-03-01;2;P1003;Produto F;160;15;145
2024-03-04;2;P1003;Produto C;228;288;-60
2024-03-06;2;P1003;Produto B;205;275;-70
2024-03-12;2;P1003;Produto E;278;173;105
2024-03-16;2;P1003;Produto D;155;81;74
2024-03-21;2;P1003;Produto C;117;190;-73
2024-03-29;2;P1003;Produto D;241;68;173
2024-03-29;2;P1003;Produto C;196;266;-70
2024-04-05;2;P1003;Produto F;135;279;-144
2024-04-13;2;P1003;Produto F;100;154;-54
2024-04-20;2;P1003;Produto F;119;54;65
2024-04-26;2;P1003;Produto F;172;46;126
2024-05-11;2;P1003;Produto D;46;106;-60
2024-05-19;2;P1003;Produto D;32;178;-146
2024-05-20;2;P1003;Produto D;91;178;-87
2024-05-21;2;P1003;Produto E;224;151;73
2024-06-01;2;P1003;Produto E;145;41;104
2024-06-08;2;P1003;Produto B;270;272;-2
2024-06-10;2;P1003;Produto D;59;210;-151
2024-01-10;3;P1003;Produto C;84;213;-129
2024-01-17;3;P1003;Produto B;107;235;-128
2024-01-22;3;P1003;Produto A;290;113;177
2024-01-25;3;P1003;Produto C;92;159;-67
2024-02-07;3;P1003;Produto A;118;27;91
2024-02-08;3;P1003;Produto E;126;45;81
2024-02-16;3;P1003;Produto B;263;281;-18
2024-02-17;3;P1003;Produto F;182;27;155
2024-03-02;3;P1003;Produto D;13;228;-215
2024-03-03;3;P1003;Produto A;54;153;-99
2024-03-05;3;P1003;Produto D;262;266;-4
2024-03-12;3;P1003;Produto F;83;280;-197
2024-03-13;3;P1003;Produto D;292;233;59
2024-04-13;3;P1003;Produto F;133;66;67
2024-04-26;3;P1003;Produto F;83;154;-71
2024-04-28;3;P1003;Produto D;99;162;-63
2024-05-08;3;P1003;Produto A;132;147;-15
2024-05-09;3;P1003;Produto D;291;281;10
2024-05-30;3;P1003;Produto C;157;76;81
2024-06-05;3;P1003;Produto B;270;138;132
2024-06-10;3;P1003;Produto A;295;59;236
2024-06-12;3;P1003;Produto D;46;232;-186
2024-06-28;3;P1003;Produto D;50;260;-210
2024-01-04;4;P1003;Produto F;46;77;-31
2024-01-19;4;P1003;Produto E;173;90;83
2024-01-29;4;P1003;Produto C;6;28;-22
2024-02-05;4;P1003;Produto C;243;200;43
2024-02-11;4;P1003;Produto F;166;278;-112
2024-02-17;4;P1003;Produto A;127;32;95
2024-02-21;4;P1003;Produto D;62;242;-180
2024-03-22;4;P1003;Produto B;102;272;-170
2024-04-06;4;P1003;Produto A;135;69;66
2024-04-26;4;P1003;Produto F;257;293;-36
2024-04-27;4;P1003;Produto A;6;121;-115
2024-05-27;4;P1003;Produto B;146;147;-1
2024-05-31;4;P1003;Produto A;103;253;-150
2024-06-07;4;P1003;Produto E;227;182;45
2024-06-18;4;P1003;Produto F;187;6;181
2024-06-24;4;P1003;Produto F;136;244;-108
2024-01-25;5;P1003;Produto C;225;123;102
2024-02-06;5;P1003;Produto D;197;294;-97
2024-02-11;5;P1003;Produto B;250;294;-44
2024-02-22;5;P1003;Produto E;10;142;-132
2024-02-28;5;P1003;Produto E;267;49;218
2024-03-10;5;P1003;Produto E;119;177;-58
2024-03-15;5;P1003;Produto D;96;4;92
2024-03-28;5;P1003;Produto C;182;40;142
2024-04-08;5;P1003;Produto D;28;58;-30
2024-04-19;5;P1003;Produto B;295;202;93
2024-05-03;5;P1003;Produto F;195;273;-78
2024-05-08;5;P1003;Produto A;103;223;-120
2024-05-10;5;P1003;Produto B;182;38;144
2024-05-13;5;P1003;Produto A;17;189;-172
2024-05-30;5;P1003;Produto E;35;284;-249
2024-06-07;5;P1003;Produto D;5;196;-191
2024-06-09;5;P1003;Produto D;33;40;-7
2024-06-24;5;P1003;Produto D;174;98;76
2024-01-09;6;P1003;Produto B;128;159;-31
2024-01-21;6;P1003;Produto B;98;72;26
2024-02-10;6;P1003;Produto A;37;74;-37
2024-02-14;6;P1003;Produto D;103;194;-91
2024-02-19;6;P1003;Produto E;244;29;215
2024-02-22;6;P1003;Produto E;247;277;-30
2024-02-24;6;P1003;Produto F;142;100;42
2024-03-02;6;P1003;Produto D;125;41;84
2024-03-03;6;P1003;Produto E;136;201;-65
2024-03-03;6;P1003;Produto C;12;188;-176
2024-03-10;6;P1003;Produto D;100;263;-163
2024-03-19;6;P1003;Produto B;291;246;45
2024-04-19;6;P1003;Produto A;11;15;-4
2024-04-28;6;P1003;Produto B;98;81;17
2024-05-11;6;P1003;Produto B;107;267;-160
2024-05-30;6;P1003;Produto F;249;195;54
2024-05-31;6;P1003;Produto B;158;56;102
2024-06-06;6;P1003;Produto C;71;258;-187
2024-06-29;6;P1003;Produto C;199;297;-98
2024-01-03;7;P1003;Produto B;235;185;50
2024-01-13;7;P1003;Produto C;85;283;-198
2024-01-16;7;P1003;Produto B;9;124;-115
2024-01-25;7;P1003;Produto C;228;107;121
2024-02-05;7;P1003;Produto A;68;129;-61
2024-04-13;7;P1003;Produto F;0;166;-166
2024-04-13;7;P1003;Produto B;137;179;-42
2024-04-13;7;P1003;Produto A;218;229;-11
2024-05-06;7;P1003;Produto D;207;21;186
2024-05-09;7;P1003;Produto C;4;265;-261
2024-05-09;7;P1003;Produto D;95;189;-94
2024-05-26;7;P1003;Produto A;15;181;-166
2024-06-05;7;P1003;Produto B;161;86;75
2024-06-09;7;P1003;Produto C;206;267;-61
2024-06-11;7;P1003;Produto B;77;76;1
2024-06-16;7;P1003;Produto F;188;254;-66
2024-06-19;7;P1003;Produto E;229;19;210
2024-01-06;8;P1003;Produto D;58;58;0
2024-01-06;8;P1003;Produto C;105;138;-33
2024-01-08;8;P1003;Produto D;243;122;121
2024-01-14;8;P1003;Produto D;187;97;90
2024-01-16;8;P1003;Produto A;39;236;-197
2024-01-17;8;P1003;Produto C;278;208;70
2024-01-20;8;P1003;Produto D;0;63;-63
2024-01-20;8;P1003;Produto C;267;206;61
2024-01-20;8;P1003;Produto F;64;181;-117
2024-02-07;8;P1003;Produto E;175;89;86
2024-02-07;8;P1003;Produto B;119;199;-80
2024-02-08;8;P1003;Produto B;293;150;143
2024-02-09;8;P1003;Produto F;191;92;99
2024-02-14;8;P1003;Produto E;214;87;127
2024-02-19;8;P1003;Produto D;59;166;-107
2024-03-02;8;P1003;Produto E;80;214;-134
2024-03-03;8;P1003;Produto F;225;152;73
2024-03-04;8;P1003;Produto A;228;269;-41
2024-03-04;8;P1003;Produto F;131;59;72
2024-03-08;8;P1003;Produto D;189;283;-94
2024-03-12;8;P1003;Produto B;110;186;-76
2024-03-21;8;P1003;Produto D;142;200;-58
2024-04-08;8;P1003;Produto D;209;295;-86
2024-04-12;8;P1003;Produto D;111;223;-112
2024-04-14;8;P1003;Produto C;28;136;-108
2024-04-14;8;P1003;Produto F;255;8;247
2024-04-17;8;P1003;Produto F;147;7;140
2024-04-20;8;P1003;Produto E;163;23;140
2024-04-22;8;P1003;Produto F;184;98;86
2024-04-24;8;P1003;Produto B;134;49;85
2024-05-09;8;P1003;Produto E;208;71;137
2024-05-11;8;P1003;Produto E;167;192;-25
2024-05-24;8;P1003;Produto D;57;228;-171
2024-05-24;8;P1003;Produto C;268;119;149
2024-06-06;8;P1003;Produto F;214;127;87
2024-06-09;8;P1003;Produto C;191;248;-57
2024-06-17;8;P1003;Produto F;56;221;-165
2024-06-30;8;P1003;Produto E;225;102;123
2024-01-08;9;P1003;Produto F;157;214;-57
2024-01-23;9;P1003;Produto A;285;272;13
2024-01-26;9;P1003;Produto B;56;179;-123
2024-02-16;9;P1003;Produto B;92;231;-139
2024-02-29;9;P1003;Produto B;212;215;-3
2024-03-05;9;P1003;Produto D;80;87;-7
2024-03-11;9;P1003;Produto B;294;195;99
2024-03-22;9;P1003;Produto E;128;88;40
2024-03-26;9;P1003;Produto D;117;232;-115
2024-04-10;9;P1003;Produto C;205;184;21
2024-04-21;9;P1003;Produto A;193;162;31
2024-04-21;9;P1003;Produto F;196;46;150
2024-05-08;9;P1003;Produto F;120;115;5
2024-05-11;9;P1003;Produto B;247;272;-25
2024-05-15;9;P1003;Produto F;270;194;76
2024-05-29;9;P1003;Produto F;274;200;74
2024-06-04;9;P1003;Produto B;117;99;18
2024-06-09;9;P1003;Produto F;175;38;137
2024-06-17;9;P1003;Produto B;31;286;-255
2024-01-11;10;P1003;Produto A;75;86;-11
2024-01-25;10;P1003;Produto F;209;16;193
2024-02-11;10;P1003;Produto D;16;282;-266
2024-02-28;10;P1003;Produto C;48;31;17
2024-02-29;10;P1003;Produto D;45;14;31
2024-03-01;10;P1003;Produto E;162;142;20
2024-03-16;10;P1003;Produto C;108;187;-79
2024-03-18;10;P1003;Produto C;33;96;-63
2024-03-26;10;P1003;Produto C;92;175;-83
2024-04-19;10;P1003;Produto B;217;240;-23
2024-04-25;10;P1003;Produto C;234;61;173
2024-05-04;10;P1003;Produto F;129;214;-85
2024-05-18;10;P1003;Produto F;269;79;190
2024-05-26;10;P1003;Produto F;68;48;20
2024-06-04;10;P1003;Produto E;215;169;46
2024-06-08;10;P1003;Produto F;121;137;-16
2024-06-09;10;P1003;Produto D;209;195;14
2024-06-18;10;P1003;Produto E;157;38;119
2024-06-23;10;P1003;Produto C;197;127;70
2024-06-26;10;P1003;Produto C;276;4;272
2024-01-02;1;P1004;Produto C;29;266;-237
2024-01-16;1;P1004;Produto B;282;180;102
2024-01-19;1;P1004;Produto A;75;176;-101
2024-01-20;1;P1004;Produto A;89;141;-52
2024-02-12;1;P1004;Produto D;296;213;83
2024-02-14;1;P1004;Produto C;71;108;-37
2024-02-14;1;P1004;Produto E;245;116;129
2024-02-24;1;P1004;Produto D;2;143;-141
2024-02-28;1;P1004;Produto B;104;227;-123
2024-03-04;1;P1004;Produto A;141;202;-61
2024-03-08;1;P1004;Produto F;192;21;171
2024-03-21;1;P1004;Produto E;182;191;-9
2024-03-28;1;P1004;Produto F;210;218;-8
2024-04-01;1;P1004;Produto E;105;198;-93
2024-04-01;1;P1004;Produto A;24;57;-33
2024-04-10;1;P1004;Produto C;272;280;-8
2024-04-10;1;P1004;Produto A;11;243;-232
2024-04-15;1;P1004;Produto B;50;28;22
2024-04-22;1;P1004;Produto B;242;142;100
2024-04-25;1;P1004;Produto D;150;49;101
2024-05-04;1;P1004;Produto E;197;178;19
2024-05-21;1;P1004;Produto B;43;268;-225
2024-05-22;1;P1004;Produto B;198;142;56
2024-06-05;1;P1004;Produto F;230;156;74
2024-06-05;1;P1004;Produto C;216;119;97
2024-06-25;1;P1004;Produto E;68;86;-18
2024-06-30;1;P1004;Produto C;97;207;-110
2024-01-02;2;P1004;Produto C;278;145;133
2024-01-10;2;P1004;Produto A;5;214;-209
2024-01-13;2;P1004;Produto B;157;146;11
2024-01-24;2;P1004;Produto C;71;59;12
2024-01-27;2;P1004;Produto C;180;23;157
2024-02-02;2;P1004;Produto A;243;297;-54
2024-02-15;2;P1004;Produto F;192;180;12
2024-02-18;2;P1004;Produto F;29;83;-54
2024-02-23;2;P1004;Produto B;37;200;-163
2024-03-12;2;P1004;Produto F;83;110;-27
2024-03-15;2;P1004;Produto A;73;252;-179
2024-03-19;2;P1004;Produto F;294;242;52
2024-05-02;2;P1004;Produto A;53;235;-182
2024-05-05;2;P1004;Produto F;177;2;175
2024-05-09;2;P1004;Produto A;143;15;128
2024-06-01;2;P1004;Produto B;8;39;-31
2024-06-03;2;P1004;Produto D;99;140;-41
2024-06-07;2;P1004;Produto B;205;76;129
2024-06-16;2;P1004;Produto A;1;224;-223
2024-06-21;2;P1004;Produto F;57;147;-90
2024-06-29;2;P1004;Produto A;131;217;-86
2024-01-15;3;P1004;Produto D;130;134;-4
2024-01-16;3;P1004;Produto F;192;57;135
2024-01-16;3;P1004;Produto E;45;235;-190
2024-01-20;3;P1004;Produto B;99;77;22
2024-02-01;3;P1004;Produto B;210;149;61
2024-02-06;3;P1004;Produto D;213;217;-4
2024-02-15;3;P1004;Produto B;101;41;60
2024-02-17;3;P1004;Produto F;119;160;-41
2024-02-19;3;P1004;Produto E;277;170;107
2024-02-19;3;P1004;Produto C;282;181;101
2024-03-03;3;P1004;Produto D;252;1;251
2024-03-05;3;P1004;Produto E;127;238;-111
2024-03-13;3;P1004;Produto A;259;259;0
2024-03-15;3;P1004;Produto F;153;195;-42
2024-03-23;3;P1004;Produto E;128;195;-67
2024-04-30;3;P1004;Produto E;172;9;163
2024-05-09;3;P1004;Produto D;260;292;-32
2024-05-16;3;P1004;Produto E;206;209;-3
2024-05-28;3;P1004;Produto E;223;290;-67
2024-06-18;3;P1004;Produto A;31;14;17
2024-06-19;3;P1004;Produto B;160;140;20
2024-06-25;3;P1004;Produto B;95;151;-56
2024-06-26;3;P1004;Produto C;126;270;-144
2024-01-05;4;P1004;Produto A;120;285;-165
2024-02-29;4;P1004;Produto E;292;126;166
2024-04-13;4;P1004;Produto C;48;174;-126
2024-04-13;4;P1004;Produto D;48;172;-124
2024-04-14;4;P1004;Produto F;82;185;-103
2024-04-27;4;P1004;Produto A;106;174;-68
2024-05-08;4;P1004;Produto C;53;53;0
2024-05-11;4;P1004;Produto B;23;226;-203
2024-05-25;4;P1004;Produto D;18;299;-281
2024-06-02;4;P1004;Produto B;202;40;162
2024-06-10;4;P1004;Produto F;222;58;164
2024-06-22;4;P1004;Produto A;19;272;-253
2024-06-24;4;P1004;Produto C;286;90;196
2024-06-25;4;P1004;Produto E;232;75;157
2024-06-28;4;P1004;Produto A;230;37;193
2024-01-08;5;P1004;Produto C;100;259;-159
2024-01-16;5;P1004;Produto E;134;227;-93
2024-02-09;5;P1004;Produto F;219;74;145
2024-02-12;5;P1004;Produto C;253;37;216
2024-02-22;5;P1004;Produto F;46;143;-97
2024-02-24;5;P1004;Produto F;176;294;-118
2024-03-10;5;P1004;Produto F;64;20;44
2024-03-20;5;P1004;Produto A;291;202;89
2024-03-21;5;P1004;Produto F;149;287;-138
2024-04-16;5;P1004;Produto B;62;149;-87
2024-04-23;5;P1004;Produto D;247;53;194
2024-05-14;5;P1004;Produto B;67;213;-146
2024-05-15;5;P1004;Produto A;126;256;-130
2024-05-18;5;P1004;Produto B;211;111;100
2024-05-30;5;P1004;Produto A;182;12;170
2024-06-09;5;P1004;Produto E;219;239;-20
2024-06-09;5;P1004;Produto F;225;141;84
2024-06-19;5;P1004;Produto C;64;167;-103
2024-06-21;5;P1004;Produto C;88;71;17
2024-06-24;5;P1004;Produto A;253;221;32
2024-06-28;5;P1004;Produto E;150;143;7
2024-01-25;6;P1004;Produto A;119;92;27
2024-01-25;6;P1004;Produto B;223;271;-48
2024-01-26;6;P1004;Produto B;165;277;-112
2024-02-04;6;P1004;Produto F;76;146;-70
2024-02-09;6;P1004;Produto F;165;130;35
2024-02-10;6;P1004;Produto D;83;289;-206
2024-02-13;6;P1004;Produto B;144;50;94
2024-02-25;6;P1004;Produto C;245;236;9
2024-03-15;6;P1004;Produto E;213;143;70
2024-03-21;6;P1004;Produto A;272;57;215
2024-03-30;6;P1004;Produto D;38;71;-33
2024-04-01;6;P1004;Produto A;298;153;145
2024-05-05;6;P1004;Produto F;212;148;64
2024-05-09;6;P1004;Produto E;150;156;-6
2024-05-14;6;P1004;Produto D;206;128;78
2024-06-29;6;P1004;Produto B;86;216;-130
2024-01-04;7;P1004;Produto A;203;193;10
2024-01-08;7;P1004;Produto B;2;27;-25
2024-01-09;7;P1004;Produto F;222;51;171
2024-01-10;7;P1004;Produto F;145;26;119
2024-01-12;7;P1004;Produto B;105;84;21
2024-01-20;7;P1004;Produto B;123;163;-40
2024-01-25;7;P1004;Produto B;100;8;92
2024-01-30;7;P1004;Produto C;103;117;-14
2024-02-19;7;P1004;Produto A;128;293;-165
2024-02-22;7;P1004;Produto A;272;63;209
2024-03-19;7;P1004;Produto B;3;89;-86
2024-03-20;7;P1004;Produto F;72;162;-90
2024-03-21;7;P1004;Produto E;196;157;39
2024-03-23;7;P1004;Produto C;272;5;267
2024-04-05;7;P1004;Produto A;127;38;89
2024-04-08;7;P1004;Produto B;111;59;52
2024-04-14;7;P1004;Produto B;113;74;39
2024-04-16;7;P1004;Produto C;17;148;-131
2024-04-28;7;P1004;Produto E;13;2;11
2024-04-30;7;P1004;Produto C;83;154;-71
2024-05-11;7;P1004;Produto D;259;75;184
2024-05-18;7;P1004;Produto C;91;279;-188
2024-05-23;7;P1004;Produto D;178;118;60
2024-05-29;7;P1004;Produto E;165;67;98
2024-06-02;7;P1004;Produto C;281;96;185
2024-06-05;7;P1004;Produto A;127;228;-101
2024-06-17;7;P1004;Produto E;48;129;-81
2024-01-16;8;P1004;Produto A;265;64;201
2024-03-21;8;P1004;Produto E;20;83;-63
2024-04-03;8;P1004;Produto B;38;27;11
2024-04-08;8;P1004;Produto D;117;262;-145
2024-06-05;8;P1004;Produto A;276;248;28
2024-06-06;8;P1004;Produto B;219;162;57
2024-06-16;8;P1004;Produto F;200;147;53
2024-01-07;9;P1004;Produto E;67;33;34
2024-01-22;9;P1004;Produto B;282;40;242
2024-01-29;9;P1004;Produto C;151;13;138
2024-02-16;9;P1004;Produto F;160;197;-37
2024-02-18;9;P1004;Produto D;206;47;159
2024-02-20;9;P1004;Produto A;1;7;-6
2024-02-21;9;P1004;Produto A;277;39;238
2024-02-25;9;P1004;Produto D;67;248;-181
2024-02-29;9;P1004;Produto A;35;212;-177
2024-03-11;9;P1004;Produto F;214;276;-62
2024-03-22;9;P1004;Produto D;37;210;-173
2024-03-23;9;P1004;Produto E;28;18;10
2024-04-10;9;P1004;Produto C;144;200;-56
2024-05-08;9;P1004;Produto D;213;282;-69
2024-06-02;9;P1004;Produto D;40;156;-116
2024-06-02;9;P1004;Produto E;292;299;-7
2024-06-02;9;P1004;Produto A;278;170;108
2024-01-12;10;P1004;Produto E;241;215;26
2024-01-12;10;P1004;Produto D;296;163;133
2024-01-16;10;P1004;Produto F;226;169;57
2024-01-19;10;P1004;Produto B;125;293;-168
2024-01-19;10;P1004;Produto B;216;153;63
2024-01-24;10;P1004;Produto C;289;180;109
2024-01-28;10;P1004;Produto D;68;233;-165
2024-02-20;10;P1004;Produto C;159;95;64
2024-03-03;10;P1004;Produto A;236;31;205
2024-03-04;10;P1004;Produto B;244;61;183
2024-03-09;10;P1004;Produto D;117;174;-57
2024-03-20;10;P1004;Produto D;253;23;230
2024-03-30;10;P1004;Produto E;178;62;116
2024-04-02;10;P1004;Produto F;256;132;124
2024-04-17;10;P1004;Produto D;245;129;116
2024-05-09;10;P1004;Produto C;206;80;126
2024-05-09;10;P1004;Produto D;18;295;-277
2024-06-08;10;P1004;Produto E;144;49;95
2024-06-16;10;P1004;Produto A;99;73;26
2024-06-28;10;P1004;Produto E;179;136;43
2024-01-02;1;P1005;Produto D;89;262;-173
2024-01-09;1;P1005;Produto F;71;154;-83
2024-01-12;1;P1005;Produto B;102;249;-147
2024-01-18;1;P1005;Produto B;83;290;-207
2024-01-25;1;P1005;Produto D;24;67;-43
2024-02-08;1;P1005;Produto D;46;62;-16
2024-02-11;1;P1005;Produto E;6;154;-148
2024-02-12;1;P1005;Produto A;291;7;284
2024-02-18;1;P1005;Produto F;258;143;115
2024-03-02;1;P1005;Produto E;285;143;142
2024-03-28;1;P1005;Produto C;62;103;-41
2024-04-04;1;P1005;Produto F;235;136;99
2024-04-05;1;P1005;Produto D;147;17;130
2024-04-10;1;P1005;Produto A;56;11;45
2024-04-20;1;P1005;Produto D;146;3;143
2024-04-25;1;P1005;Produto A;33;78;-45
2024-05-01;1;P1005;Produto C;177;61;116
2024-05-02;1;P1005;Produto C;272;82;190
2024-05-05;1;P1005;Produto B;98;97;1
2024-05-11;1;P1005;Produto B;66;74;-8
2024-05-31;1;P1005;Produto D;0;265;-265
2024-06-23;1;P1005;Produto F;141;111;30
2024-01-22;2;P1005;Produto F;250;96;154
2024-01-24;2;P1005;Produto A;17;56;-39
2024-01-27;2;P1005;Produto F;96;283;-187
2024-02-04;2;P1005;Produto E;275;171;104
2024-02-05;2;P1005;Produto A;214;277;-63
2024-02-24;2;P1005;Produto A;246;254;-8
2024-03-14;2;P1005;Produto C;241;34;207
2024-03-18;2;P1005;Produto D;100;155;-55
2024-03-21;2;P1005;Produto F;114;185;-71
2024-03-22;2;P1005;Produto E;19;220;-201
2024-04-12;2;P1005;Produto F;93;268;-175
2024-04-18;2;P1005;Produto F;86;200;-114
2024-04-22;2;P1005;Produto F;171;133;38
2024-04-26;2;P1005;Produto F;295;257;38
2024-04-30;2;P1005;Produto A;19;74;-55
2024-05-08;2;P1005;Produto E;47;244;-197
2024-05-21;2;P1005;Produto E;82;122;-40
2024-05-25;2;P1005;Produto E;220;59;161
2024-06-02;2;P1005;Produto A;83;176;-93
2024-06-02;2;P1005;Produto A;200;295;-95
2024-06-12;2;P1005;Produto C;238;83;155
2024-06-20;2;P1005;Produto B;83;100;-17
2024-06-22;2;P1005;Produto D;98;38;60
2024-06-27;2;P1005;Produto F;109;253;-144
2024-06-30;2;P1005;Produto F;148;235;-87
2024-01-15;3;P1005;Produto F;16;153;-137
2024-01-18;3;P1005;Produto C;143;261;-118
2024-01-25;3;P1005;Produto E;281;143;138
2024-02-07;3;P1005;Produto C;186;148;38
2024-02-19;3;P1005;Produto C;112;253;-141
2024-02-29;3;P1005;Produto E;4;77;-73
2024-03-25;3;P1005;Produto B;186;137;49
2024-03-25;3;P1005;Produto E;194;8;186
2024-04-08;3;P1005;Produto E;124;137;-13
2024-04-17;3;P1005;Produto C;124;272;-148
2024-04-21;3;P1005;Produto F;75;293;-218
2024-04-22;3;P1005;Produto D;206;126;80
2024-04-26;3;P1005;Produto E;297;163;134
2024-05-04;3;P1005;Produto B;138;272;-134
2024-05-23;3;P1005;Produto F;184;284;-100
2024-06-04;3;P1005;Produto F;225;207;18
2024-06-05;3;P1005;Produto F;81;255;-174
2024-06-07;3;P1005;Produto D;181;166;15
2024-06-19;3;P1005;Produto E;45;87;-42
2024-06-25;3;P1005;Produto F;157;145;12
2024-01-08;4;P1005;Produto B;252;13;239
2024-01-18;4;P1005;Produto D;180;90;90
2024-01-24;4;P1005;Produto D;219;19;200
2024-01-28;4;P1005;Produto F;62;72;-10
2024-01-30;4;P1005;Produto C;263;11;252
2024-01-31;4;P1005;Produto A;38;38;0
2024-02-07;4;P1005;Produto D;183;14;169
2024-02-15;4;P1005;Produto F;128;48;80
2024-02-18;4;P1005;Produto E;35;100;-65
2024-02-20;4;P1005;Produto E;274;289;-15
2024-02-24;4;P1005;Produto E;118;182;-64
2024-02-25;4;P1005;Produto E;244;21;223
2024-03-03;4;P1005;Produto A;186;208;-22
2024-03-18;4;P1005;Produto D;26;156;-130
2024-03-28;4;P1005;Produto A;14;3;11
2024-04-12;4;P1005;Produto C;71;188;-117
2024-04-14;4;P1005;Produto A;254;206;48
2024-04-17;4;P1005;Produto D;72;166;-94
2024-05-11;4;P1005;Produto B;282;170;112
2024-05-28;4;P1005;Produto B;195;33;162
2024-06-17;4;P1005;Produto C;148;98;50
2024-06-27;4;P1005;Produto C;47;115;-68
2024-01-19;5;P1005;Produto D;4;144;-140
2024-01-26;5;P1005;Produto E;236;236;0
2024-02-09;5;P1005;Produto B;52;279;-227
2024-03-03;5;P1005;Produto F;195;241;-46
2024-03-08;5;P1005;Produto A;161;41;120
2024-03-22;5;P1005;Produto D;187;190;-3
2024-04-07;5;P1005;Produto C;103;255;-152
2024-04-15;5;P1005;Produto C;284;147;137
2024-04-28;5;P1005;Produto F;40;110;-70
2024-05-03;5;P1005;Produto C;227;274;-47
2024-05-08;5;P1005;Produto D;60;53;7
2024-05-26;5;P1005;Produto A;89;219;-130
2024-06-04;5;P1005;Produto A;36;44;-8
2024-06-04;5;P1005;Produto B;197;56;141
2024-06-06;5;P1005;Produto E;52;274;-222
2024-06-09;5;P1005;Produto A;34;215;-181
2024-06-11;5;P1005;Produto A;163;286;-123
2024-06-14;5;P1005;Produto D;285;264;21
2024-06-17;5;P1005;Produto B;29;189;-160
2024-01-03;6;P1005;Produto D;234;107;127
2024-01-08;6;P1005;Produto F;174;289;-115
2024-01-09;6;P1005;Produto A;175;17;158
2024-01-27;6;P1005;Produto E;294;232;62
2024-01-27;6;P1005;Produto F;146;203;-57
2024-02-03;6;P1005;Produto B;204;125;79
2024-02-07;6;P1005;Produto C;263;282;-19
2024-02-23;6;P1005;Produto A;137;167;-30
2024-02-25;6;P1005;Produto E;72;58;14
2024-03-04;6;P1005;Produto F;138;258;-120
2024-03-09;6;P1005;Produto C;75;153;-78
2024-03-27;6;P1005;Produto D;206;150;56
2024-03-29;6;P1005;Produto B;69;47;22
2024-04-25;6;P1005;Produto B;249;24;225
2024-05-19;6;P1005;Produto F;4;183;-179
2024-05-25;6;P1005;Produto D;175;283;-108
2024-05-25;6;P1005;Produto A;278;22;256
2024-06-17;6;P1005;Produto D;156;155;1
2024-06-29;6;P1005;Produto F;69;111;-42
2024-01-13;7;P1005;Produto A;155;188;-33
2024-01-15;7;P1005;Produto E;74;287;-213
2024-02-01;7;P1005;Produto F;35;231;-196
2024-02-03;7;P1005;Produto E;273;95;178
2024-02-15;7;P1005;Produto C;87;128;-41
2024-02-18;7;P1005;Produto D;43;185;-142
2024-02-26;7;P1005;Produto E;41;185;-144
2024-03-14;7;P1005;Produto D;278;203;75
2024-03-24;7;P1005;Produto B;109;145;-36
2024-04-07;7;P1005;Produto F;121;107;14
2024-04-18;7;P1005;Produto E;161;215;-54
2024-04-25;7;P1005;Produto E;253;180;73
2024-05-01;7;P1005;Produto C;265;28;237
2024-05-05;7;P1005;Produto A;212;257;-45
2024-05-08;7;P1005;Produto E;157;268;-111
2024-05-17;7;P1005;Produto E;234;12;222
2024-05-18;7;P1005;Produto D;94;208;-114
2024-05-24;7;P1005;Produto B;133;107;26
2024-05-24;7;P1005;Produto B;3;137;-134
2024-05-25;7;P1005;Produto B;273;41;232
2024-05-30;7;P1005;Produto C;28;35;-7
2024-06-05;7;P1005;Produto F;257;263;-6
2024-06-13;7;P1005;Produto F;111;44;67
2024-06-19;7;P1005;Produto B;78;145;-67
2024-01-01;8;P1005;Produto E;3;15;-12
2024-01-09;8;P1005;Produto A;40;16;24
2024-01-18;8;P1005;Produto A;281;7;274
2024-03-05;8;P1005;Produto D;75;173;-98
2024-03-08;8;P1005;Produto B;299;89;210
2024-03-21;8;P1005;Produto E;27;42;-15
2024-03-28;8;P1005;Produto F;171;176;-5
2024-03-29;8;P1005;Produto E;271;188;83
2024-03-29;8;P1005;Produto E;228;76;152
2024-04-10;8;P1005;Produto A;86;42;44
2024-04-19;8;P1005;Produto F;282;268;14
2024-04-25;8;P1005;Produto C;227;187;40
2024-05-22;8;P1005;Produto F;115;91;24
2024-05-27;8;P1005;Produto B;153;141;12
2024-05-28;8;P1005;Produto A;266;105;161
2024-05-29;8;P1005;Produto D;29;116;-87
2024-05-30;8;P1005;Produto C;171;213;-42
2024-06-05;8;P1005;Produto E;46;172;-126
2024-01-13;9;P1005;Produto E;158;97;61
2024-01-15;9;P1005;Produto B;263;70;193
2024-02-02;9;P1005;Produto F;76;115;-39
2024-02-11;9;P1005;Produto F;179;281;-102
2024-02-13;9;P1005;Produto B;35;100;-65
2024-02-17;9;P1005;Produto C;44;180;-136
2024-03-08;9;P1005;Produto F;290;55;235
2024-03-09;9;P1005;Produto B;218;176;42
2024-03-10;9;P1005;Produto D;183;106;77
2024-03-11;9;P1005;Produto D;291;69;222
2024-03-14;9;P1005;Produto C;116;165;-49
2024-03-18;9;P1005;Produto B;81;191;-110
2024-03-26;9;P1005;Produto F;157;267;-110
2024-03-27;9;P1005;Produto C;121;146;-25
2024-04-03;9;P1005;Produto D;210;139;71
2024-04-13;9;P1005;Produto D;142;287;-145
2024-04-17;9;P1005;Produto C;270;246;24
2024-04-18;9;P1005;Produto B;295;111;184
2024-04-28;9;P1005;Produto F;275;230;45
2024-04-30;9;P1005;Produto F;53;115;-62
2024-05-09;9;P1005;Produto B;219;105;114
2024-06-05;9;P1005;Produto B;225;204;21
2024-06-12;9;P1005;Produto F;105;287;-182
2024-06-14;9;P1005;Produto B;297;295;2
2024-06-16;9;P1005;Produto A;153;208;-55
2024-06-16;9;P1005;Produto E;4;168;-164
2024-06-28;9;P1005;Produto B;290;62;228
2024-01-04;10;P1005;Produto B;188;94;94
2024-01-09;10;P1005;Produto B;91;263;-172
2024-01-20;10;P1005;Produto A;118;34;84
2024-01-21;10;P1005;Produto A;104;191;-87
2024-03-01;10;P1005;Produto F;293;61;232
2024-03-06;10;P1005;Produto F;133;283;-150
2024-03-21;10;P1005;Produto B;89;114;-25
2024-03-23;10;P1005;Produto E;98;24;74
2024-03-25;10;P1005;Produto A;64;133;-69
2024-04-01;10;P1005;Produto F;0;132;-132
2024-04-04;10;P1005;Produto A;297;35;262
2024-04-12;10;P1005;Produto B;246;30;216
2024-05-02;10;P1005;Produto C;2;181;-179
2024-05-10;10;P1005;Produto D;247;217;30
2024-05-10;10;P1005;Produto E;292;8;284
2024-05-24;10;P1005;Produto D;189;121;68
2024-05-28;10;P1005;Produto D;69;89;-20
2024-06-12;10;P1005;Produto A;191;226;-35
2024-06-12;10;P1005;Produto B;227;65;162
2024-06-15;10;P1005;Produto C;214;220;-6
2024-06-18;10;P1005;Produto E;266;53;213
2024-01-04;1;P1006;Produto B;188;290;-102
2024-01-23;1;P1006;Produto D;129;83;46
2024-01-24;1;P1006;Produto E;94;98;-4
2024-02-15;1;P1006;Produto C;89;294;-205
2024-02-27;1;P1006;Produto B;188;246;-58
2024-03-02;1;P1006;Produto F;238;194;44
2024-03-02;1;P1006;Produto C;129;126;3
2024-03-09;1;P1006;Produto F;203;217;-14
2024-03-15;1;P1006;Produto E;255;37;218
2024-03-23;1;P1006;Produto D;178;185;-7
2024-04-07;1;P1006;Produto B;246;121;125
2024-04-24;1;P1006;Produto C;218;90;128
2024-05-02;1;P1006;Produto E;97;197;-100
2024-05-09;1;P1006;Produto C;298;97;201
2024-05-18;1;P1006;Produto C;57;25;32
2024-06-12;1;P1006;Produto F;237;24;213
2024-06-28;1;P1006;Produto A;51;267;-216
2024-01-21;2;P1006;Produto B;94;165;-71
2024-02-23;2;P1006;Produto F;68;288;-220
2024-03-11;2;P1006;Produto E;205;77;128
2024-03-26;2;P1006;Produto B;222;221;1
2024-03-29;2;P1006;Produto C;177;252;-75
2024-04-08;2;P1006;Produto A;151;249;-98
2024-04-08;2;P1006;Produto C;235;12;223
2024-04-09;2;P1006;Produto A;283;67;216
2024-04-22;2;P1006;Produto F;131;263;-132
2024-04-26;2;P1006;Produto B;202;148;54
2024-04-28;2;P1006;Produto B;44;178;-134
2024-05-14;2;P1006;Produto C;160;0;160
2024-05-27;2;P1006;Produto B;52;21;31
2024-06-09;2;P1006;Produto C;225;14;211
2024-06-15;2;P1006;Produto F;80;68;12
2024-06-20;2;P1006;Produto A;290;285;5
2024-06-23;2;P1006;Produto D;18;16;2
2024-01-04;3;P1006;Produto C;101;172;-71
2024-01-08;3;P1006;Produto B;208;72;136
2024-01-08;3;P1006;Produto E;188;255;-67
2024-01-18;3;P1006;Produto F;153;259;-106
2024-01-21;3;P1006;Produto D;156;178;-22
2024-02-01;3;P1006;Produto A;121;31;90
2024-02-11;3;P1006;Produto C;97;70;27
2024-02-24;3;P1006;Produto F;241;120;121
2024-03-10;3;P1006;Produto B;232;223;9
2024-04-07;3;P1006;Produto F;229;219;10
2024-04-13;3;P1006;Produto F;197;86;111
2024-04-18;3;P1006;Produto A;117;260;-143
2024-05-04;3;P1006;Produto F;265;139;126
2024-05-06;3;P1006;Produto E;125;149;-24
2024-05-06;3;P1006;Produto B;283;74;209
2024-05-07;3;P1006;Produto A;179;197;-18
2024-05-07;3;P1006;Produto D;37;238;-201
2024-05-23;3;P1006;Produto C;100;185;-85
2024-05-29;3;P1006;Produto C;265;72;193
2024-06-01;3;P1006;Produto A;267;181;86
2024-06-14;3;P1006;Produto E;128;172;-44
2024-06-20;3;P1006;Produto F;11;274;-263
2024-06-21;3;P1006;Produto D;193;161;32
2024-06-23;3;P1006;Produto A;49;1;48
2024-06-24;3;P1006;Produto F;237;157;80
2024-01-09;4;P1006;Produto B;133;210;-77
2024-01-22;4;P1006;Produto D;212;171;41
2024-01-25;4;P1006;Produto B;65;174;-109
2024-01-28;4;P1006;Produto F;127;230;-103
2024-02-11;4;P1006;Produto D;262;258;4
2024-02-26;4;P1006;Produto A;181;173;8
2024-03-09;4;P1006;Produto A;236;247;-11
2024-03-24;4;P1006;Produto F;171;172;-1
2024-03-24;4;P1006;Produto F;234;6;228
2024-04-06;4;P1006;Produto F;34;285;-251
2024-04-10;4;P1006;Produto C;63;90;-27
2024-05-05;4;P1006;Produto A;168;216;-48
2024-05-09;4;P1006;Produto C;26;194;-168
2024-05-28;4;P1006;Produto F;230;287;-57
2024-06-21;4;P1006;Produto F;126;216;-90
2024-01-05;5;P1006;Produto C;135;144;-9
2024-01-05;5;P1006;Produto B;66;299;-233
2024-02-15;5;P1006;Produto C;232;36;196
2024-02-26;5;P1006;Produto C;32;49;-17
2024-02-27;5;P1006;Produto E;202;251;-49
2024-03-16;5;P1006;Produto F;70;179;-109
2024-03-17;5;P1006;Produto D;257;126;131
2024-03-26;5;P1006;Produto B;61;218;-157
2024-04-04;5;P1006;Produto C;22;52;-30
2024-05-10;5;P1006;Produto A;295;71;224
2024-05-25;5;P1006;Produto D;29;44;-15
2024-05-28;5;P1006;Produto F;237;134;103
2024-06-02;5;P1006;Produto E;201;37;164
2024-06-19;5;P1006;Produto E;111;54;57
2024-06-27;5;P1006;Produto C;81;91;-10
2024-01-04;6;P1006;Produto A;93;61;32
2024-01-17;6;P1006;Produto A;206;109;97
2024-01-18;6;P1006;Produto A;208;125;83
2024-01-20;6;P1006;Produto C;241;145;96
2024-01-25;6;P1006;Produto D;52;221;-169
2024-02-21;6;P1006;Produto D;56;46;10
2024-02-25;6;P1006;Produto B;27;77;-50
2024-03-13;6;P1006;Produto D;244;2;242
2024-03-26;6;P1006;Produto B;182;206;-24
2024-04-05;6;P1006;Produto A;87;263;-176
2024-04-19;6;P1006;Produto E;250;211;39
2024-05-04;6;P1006;Produto D;101;18;83
2024-05-08;6;P1006;Produto E;132;201;-69
2024-05-15;6;P1006;Produto D;238;184;54
2024-05-27;6;P1006;Produto D;62;188;-126
2024-05-28;6;P1006;Produto E;137;64;73
2024-05-29;6;P1006;Produto A;5;205;-200
2024-05-30;6;P1006;Produto C;21;284;-263
2024-06-01;6;P1006;Produto C;208;88;120
2024-06-08;6;P1006;Produto D;147;160;-13
2024-06-14;6;P1006;Produto A;209;60;149
2024-01-03;7;P1006;Produto C;136;164;-28
2024-01-04;7;P1006;Produto B;145;270;-125
2024-01-11;7;P1006;Produto C;117;151;-34
2024-01-15;7;P1006;Produto F;20;106;-86
2024-02-04;7;P1006;Produto A;99;6;93
2024-02-07;7;P1006;Produto B;168;9;159
2024-02-20;7;P1006;Produto F;274;75;199
2024-03-24;7;P1006;Produto D;12;44;-32
2024-04-15;7;P1006;Produto F;276;213;63
2024-04-20;7;P1006;Produto C;238;273;-35
2024-05-01;7;P1006;Produto B;265;148;117
2024-05-02;7;P1006;Produto D;28;244;-216
2024-05-14;7;P1006;Produto E;211;2;209
2024-05-14;7;P1006;Produto C;127;247;-120
2024-05-21;7;P1006;Produto D;168;43;125
2024-06-17;7;P1006;Produto A;16;97;-81
2024-06-27;7;P1006;Produto D;225;293;-68
2024-01-02;8;P1006;Produto C;6;205;-199
2024-01-03;8;P1006;Produto E;260;53;207
2024-01-10;8;P1006;Produto C;111;144;-33
2024-01-21;8;P1006;Produto D;151;258;-107
2024-02-10;8;P1006;Produto A;144;215;-71
2024-02-13;8;P1006;Produto C;100;94;6
2024-02-28;8;P1006;Produto D;11;140;-129
2024-03-16;8;P1006;Produto E;24;289;-265
2024-03-18;8;P1006;Produto C;164;181;-17
2024-03-18;8;P1006;Produto B;235;281;-46
2024-03-25;8;P1006;Produto F;101;191;-90
2024-04-01;8;P1006;Produto D;181;24;157
2024-04-07;8;P1006;Produto F;141;99;42
2024-04-22;8;P1006;Produto C;64;291;-227
2024-04-25;8;P1006;Produto D;35;286;-251
2024-05-25;8;P1006;Produto C;124;22;102
2024-05-26;8;P1006;Produto D;37;118;-81
2024-05-28;8;P1006;Produto E;56;38;18
2024-06-01;8;P1006;Produto C;43;96;-53
2024-06-16;8;P1006;Produto B;101;214;-113
2024-01-20;9;P1006;Produto B;11;69;-58
2024-02-09;9;P1006;Produto C;256;100;156
2024-02-26;9;P1006;Produto A;182;22;160
2024-02-27;9;P1006;Produto D;295;165;130
2024-03-18;9;P1006;Produto A;50;172;-122
2024-03-21;9;P1006;Produto D;234;212;22
2024-06-07;9;P1006;Produto B;281;240;41
2024-06-17;9;P1006;Produto C;115;47;68
2024-06-19;9;P1006;Produto D;51;110;-59
2024-06-19;9;P1006;Produto E;220;82;138
2024-01-05;10;P1006;Produto C;206;14;192
2024-01-12;10;P1006;Produto D;155;7;148
2024-01-12;10;P1006;Produto B;77;217;-140
2024-01-25;10;P1006;Produto B;173;279;-106
2024-01-25;10;P1006;Produto B;199;156;43
2024-01-27;10;P1006;Produto A;179;31;148
2024-02-20;10;P1006;Produto B;50;117;-67
2024-02-22;10;P1006;Produto D;202;183;19
2024-02-22;10;P1006;Produto F;44;215;-171
2024-03-04;10;P1006;Produto A;138;88;50
2024-03-07;10;P1006;Produto F;72;281;-209
2024-03-07;10;P1006;Produto F;268;196;72
2024-03-30;10;P1006;Produto D;208;13;195
2024-04-15;10;P1006;Produto C;41;180;-139
2024-04-24;10;P1006;Produto E;267;130;137
2024-05-09;10;P1006;Produto C;6;2;4
2024-05-20;10;P1006;Produto D;93;38;55
2024-05-28;10;P1006;Produto D;181;0;181
